Method,AA,BWT,FWT,F
Naive FT,0.6166666666666667,-0.15555555555555556,-0.03333333333333335,0.15555555555555556
Naive FT + Backbone,0.7166666666666667,-0.20000000000000004,0.12222222222222222,0.20000000000000004
QEWC,0.5833333333333334,-0.1333333333333333,-0.011111111111111127,0.15555555555555556
QTCL (proposed),0.55,-0.17777777777777773,-0.011111111111111127,0.17777777777777773
QTCL + Backbone,0.6666666666666666,-0.1777777777777778,0.01111111111111109,0.1777777777777778
Classical SVM,0.8666666666666667,-0.06666666666666665,0.05555555555555558,0.06666666666666665
