{
  "Classical Naive": {
    "mean": {
      "AA": 0.6373333333333333,
      "BWT": -0.422,
      "FWT": -0.028,
      "F": 0.422
    },
    "std": {
      "AA": 0.015627610892974736,
      "BWT": 0.0008164965809277268,
      "FWT": 0.0024494897427831774,
      "F": 0.0008164965809277268
    }
  },
  "Classical EWC": {
    "mean": {
      "AA": 0.6356666666666667,
      "BWT": -0.426,
      "FWT": -0.023999999999999997,
      "F": 0.426
    },
    "std": {
      "AA": 0.014636332266733446,
      "BWT": 0.0014142135623730965,
      "FWT": 0.0016329931618554523,
      "F": 0.0014142135623730965
    }
  },
  "Quantum Naive": {
    "mean": {
      "AA": 0.5993333333333334,
      "BWT": -0.4583333333333333,
      "FWT": -0.018000000000000002,
      "F": 0.4583333333333333
    },
    "std": {
      "AA": 0.0291699998095456,
      "BWT": 0.0016996731711975965,
      "FWT": 0.0024494897427831787,
      "F": 0.0016996731711975965
    }
  },
  "Quantum EWC": {
    "mean": {
      "AA": 0.6126666666666667,
      "BWT": -0.45933333333333337,
      "FWT": -0.014,
      "F": 0.45933333333333337
    },
    "std": {
      "AA": 0.017632041540584273,
      "BWT": 0.0012472191289246482,
      "FWT": 0.001632993161855452,
      "F": 0.0012472191289246482
    }
  },
  "QTCL": {
    "mean": {
      "AA": 0.8493333333333334,
      "BWT": -0.13033333333333333,
      "FWT": 0.03833333333333334,
      "F": 0.13033333333333333
    },
    "std": {
      "AA": 0.017152907107024825,
      "BWT": 0.0012472191289246482,
      "FWT": 0.0028674417556808756,
      "F": 0.0012472191289246482
    }
  }
}