Method,AA,BWT,FWT,F
Naive FT,0.5083333333333333,-0.07777777777777778,-0.033333333333333326,0.07777777777777778
QEWC,0.4916666666666667,-0.19999999999999996,-0.022222222222222237,0.19999999999999996
QTCL (freeze),0.525,-0.12222222222222219,-0.011111111111111108,0.12222222222222219
QTCL (proposed),0.5916666666666666,0.011111111111111108,-0.022222222222222216,0.033333333333333326
Classical SVM,0.8833333333333334,-0.04444444444444443,0.2777777777777778,0.04444444444444443
