{
  "Classical Naive": {
    "mean": {
      "AA": 0.6375,
      "BWT": -0.421875,
      "FWT": 0.03333333333333333,
      "F": 0.421875
    },
    "std": {
      "AA": 0.015411035007422436,
      "BWT": 0.02875452862883806,
      "FWT": 0.030440914992088463,
      "F": 0.02875452862883806
    }
  },
  "Classical EWC": {
    "mean": {
      "AA": 0.6358333333333334,
      "BWT": -0.4260416666666667,
      "FWT": 0.021875000000000002,
      "F": 0.4260416666666667
    },
    "std": {
      "AA": 0.0147667042888911,
      "BWT": 0.03044091499208844,
      "FWT": 0.019263793759278044,
      "F": 0.03044091499208844
    }
  },
  "Qiskit Naive": {
    "mean": {
      "AA": 0.6308333333333334,
      "BWT": -0.018750000000000027,
      "FWT": -0.0020833333333333307,
      "F": 0.03750000000000001
    },
    "std": {
      "AA": 0.004714045207910347,
      "BWT": 0.015309310892394866,
      "FWT": 0.02867895812070043,
      "F": 0.015520483776824323
    }
  },
  "Qiskit EWC": {
    "mean": {
      "AA": 0.6383333333333333,
      "BWT": -0.002083333333333326,
      "FWT": -0.00833333333333334,
      "F": 0.009374999999999986
    },
    "std": {
      "AA": 0.01196058341200612,
      "BWT": 0.0038975597778895307,
      "FWT": 0.02124591463996993,
      "F": 0.002551551815399146
    }
  },
  "QTCL-Qiskit": {
    "mean": {
      "AA": 0.6316666666666667,
      "BWT": 0.0020833333333333446,
      "FWT": -0.014583333333333332,
      "F": 0.007291666666666659
    },
    "std": {
      "AA": 0.01961433715989969,
      "BWT": 0.005311478659992491,
      "FWT": 0.016989069198229255,
      "F": 0.0014731391274719556
    }
  }
}