{
  "lambda": {
    "QTCL-Q": [
      [
        50.0,
        0.8825000000000001,
        0.010000000000000064
      ],
      [
        100.0,
        0.86875,
        0.006249999999999978
      ],
      [
        200.0,
        0.85375,
        0.01874999999999999
      ],
      [
        500.0,
        0.88125,
        0.008750000000000036
      ],
      [
        1000.0,
        0.8425,
        0.0025000000000000022
      ],
      [
        2000.0,
        0.8487500000000001,
        0.023750000000000104
      ]
    ],
    "Classical-EWC": [
      [
        50.0,
        0.87375,
        0.0012500000000000289
      ],
      [
        100.0,
        0.8662500000000001,
        0.01375000000000004
      ],
      [
        200.0,
        0.87375,
        0.011249999999999982
      ],
      [
        500.0,
        0.87375,
        0.008750000000000036
      ],
      [
        1000.0,
        0.87625,
        0.00874999999999998
      ],
      [
        2000.0,
        0.8700000000000001,
        0.0124999999999999
      ]
    ]
  },
  "rehearsal": [
    [
      0.0,
      0.74375,
      0.003750000000000031
    ],
    [
      0.1,
      0.8200000000000001,
      0.0025000000000000022
    ],
    [
      0.15,
      0.83875,
      0.008749999999999925
    ],
    [
      0.2,
      0.8425,
      0.024999999999999967
    ],
    [
      0.25,
      0.85375,
      0.01874999999999999
    ],
    [
      0.3,
      0.85625,
      0.013749999999999929
    ],
    [
      0.4,
      0.8749999999999999,
      0.0050000000000000044
    ]
  ],
  "depth": [
    [
      1.0,
      0.8574999999999999,
      0.007500000000000007
    ],
    [
      2.0,
      0.85375,
      0.01874999999999999
    ],
    [
      3.0,
      0.8212499999999999,
      0.01375000000000004
    ],
    [
      4.0,
      0.88,
      1.1102230246251565e-16
    ]
  ],
  "qubits": [
    [
      2.0,
      0.865,
      0.025000000000000078
    ],
    [
      4.0,
      0.85375,
      0.01874999999999999
    ],
    [
      6.0,
      0.8600000000000001,
      0.017500000000000016
    ]
  ]
}