{
  "rehearsal": {
    "0.0": {
      "AA": 0.74375,
      "AA_std": 0.0012499999999999734
    },
    "0.1": {
      "AA": 0.825,
      "AA_std": 0.024999999999999967
    },
    "0.15": {
      "AA": 0.8087499999999999,
      "AA_std": 0.0012500000000000289
    },
    "0.2": {
      "AA": 0.8624999999999999,
      "AA_std": 0.020000000000000018
    },
    "0.25": {
      "AA": 0.8525,
      "AA_std": 0.0
    },
    "0.3": {
      "AA": 0.855,
      "AA_std": 0.01749999999999996
    },
    "0.4": {
      "AA": 0.8687499999999999,
      "AA_std": 0.028750000000000053
    }
  }
}