{
  "backend": "FakeBrisbane",
  "noise_model": "DepolarizingChannel (default.mixed)",
  "p1q": 0.0002911122438068116,
  "p2q": 0.01,
  "n_seeds": 2,
  "clean": {
    "AA": {
      "mean": 0.86625,
      "std": 0.008750000000000036
    },
    "BWT": {
      "mean": -0.08281250000000002,
      "std": 0.0015625000000000083
    },
    "FWT": {
      "mean": 0.0421875,
      "std": 0.014062499999999992
    },
    "F": {
      "mean": 0.08750000000000002,
      "std": 0.0062500000000000056
    }
  },
  "noisy": {
    "AA": {
      "mean": 0.8400000000000001,
      "std": 0.07249999999999995
    },
    "BWT": {
      "mean": -0.08124999999999999,
      "std": 0.04999999999999999
    },
    "FWT": {
      "mean": 0.003124999999999989,
      "std": 0.018750000000000003
    },
    "F": {
      "mean": 0.0890625,
      "std": 0.04843749999999998
    }
  },
  "delta_AA": -0.0262,
  "delta_F": 0.0016
}