{
  "Classical Naive": {
    "AA_mean": 0.6375,
    "AA_std": 0.015411035007422436,
    "BWT_mean": -0.421875,
    "BWT_std": 0.02875452862883806,
    "FWT_mean": 0.03333333333333333,
    "FWT_std": 0.030440914992088463,
    "F_mean": 0.421875,
    "F_std": 0.02875452862883806,
    "n_seeds": 3
  },
  "Classical EWC": {
    "AA_mean": 0.6358333333333334,
    "AA_std": 0.0147667042888911,
    "BWT_mean": -0.4260416666666667,
    "BWT_std": 0.03044091499208844,
    "FWT_mean": 0.021875000000000002,
    "FWT_std": 0.019263793759278044,
    "F_mean": 0.4260416666666667,
    "F_std": 0.03044091499208844,
    "n_seeds": 3
  },
  "Quantum Naive": {
    "AA_mean": 0.5991666666666666,
    "AA_std": 0.032681119251879324,
    "BWT_mean": -0.46249999999999997,
    "BWT_std": 0.03977475644174329,
    "FWT_mean": 0.02708333333333332,
    "FWT_std": 0.031180478223116183,
    "F_mean": 0.46249999999999997,
    "F_std": 0.03977475644174329,
    "n_seeds": 3
  },
  "Quantum EWC": {
    "AA_mean": 0.6166666666666667,
    "AA_std": 0.012304019216861181,
    "BWT_mean": -0.45416666666666666,
    "BWT_std": 0.02301116878580676,
    "FWT_mean": 0.043750000000000004,
    "FWT_std": 0.0359940677982729,
    "F_mean": 0.45416666666666666,
    "F_std": 0.02301116878580676,
    "n_seeds": 3
  },
  "QTCL": {
    "AA_mean": 0.8441666666666667,
    "AA_std": 0.011785113019775802,
    "BWT_mean": -0.12916666666666665,
    "BWT_std": 0.023707930576543836,
    "FWT_mean": -0.006250000000000001,
    "FWT_std": 0.0626560551742607,
    "F_mean": 0.13020833333333331,
    "F_std": 0.02315219871968007,
    "n_seeds": 3
  }
}